timestamp,aqi,pm2_5,pm10,co,no,no2,o3,so2,nh3,city
2026-03-31 23:06:25.025305,73.1,22.02,36.02,233.31,1.89,13.73,14.48,2.68,0.04,Karachi
2026-04-01 00:06:25.025305,62.9,9.07,35.82,314.79,1.88,17.68,2.83,4.73,0.42,Karachi
2026-04-01 01:06:25.025305,75.4,14.37,33.11,329.89,4.29,16.35,13.99,5.79,3.2,Karachi
2026-04-01 02:06:25.025305,90.5,29.06,27.65,368.41,0.5,11.73,24.68,4.48,0.81,Karachi
2026-04-01 03:06:25.025305,67.3,19.71,31.48,394.83,2.0,11.68,13.03,2.5,1.91,Karachi
2026-04-01 04:06:25.025305,71.5,19.1,24.81,239.09,1.69,9.65,14.25,7.51,3.76,Karachi
2026-04-01 05:06:25.025305,103.5,29.08,39.25,251.35,2.73,17.08,28.69,6.67,0.79,Karachi
2026-04-01 06:06:25.025305,96.5,28.76,45.23,224.55,23.17,15.72,16.96,7.06,0.32,Karachi
2026-04-01 07:06:25.025305,83.1,20.58,44.82,285.96,4.4,13.05,9.03,3.34,1.09,Karachi
2026-04-01 08:06:25.025305,103.1,24.99,43.49,327.98,1.52,13.54,21.73,3.75,3.58,Karachi
2026-04-01 09:06:25.025305,92.2,26.79,41.19,359.24,5.27,16.08,17.38,4.39,2.45,Karachi
2026-04-01 10:06:25.025305,95.3,21.8,53.66,295.44,0.56,14.92,15.18,5.47,0.1,Karachi
2026-04-01 11:06:25.025305,107.9,32.27,47.26,280.81,0.09,7.71,22.7,4.35,1.77,Karachi
2026-04-01 12:06:25.025305,76.3,12.85,52.86,309.11,0.69,21.95,19.74,4.56,1.27,Karachi
2026-04-01 13:06:25.025305,78.4,27.11,37.47,249.89,1.25,18.48,17.2,1.33,3.57,Karachi
2026-04-01 14:06:25.025305,93.9,28.65,25.35,425.37,2.14,15.39,22.5,3.39,0.2,Karachi
2026-04-01 15:06:25.025305,83.9,24.79,41.29,203.54,2.86,15.19,29.35,6.38,1.15,Karachi
2026-04-01 16:06:25.025305,99.7,32.83,44.93,311.08,7.24,13.26,19.88,7.19,3.17,Karachi
2026-04-01 17:06:25.025305,76.6,29.76,42.47,421.42,2.14,20.56,18.51,3.81,0.79,Karachi
2026-04-01 18:06:25.025305,63.8,22.94,32.19,300.41,2.09,19.08,10.98,1.79,0.99,Karachi
2026-04-01 19:06:25.025305,101.8,19.3,41.65,288.6,0.15,18.95,17.32,4.05,0.11,Karachi
2026-04-01 20:06:25.025305,71.6,13.65,20.28,278.55,0.11,16.98,12.25,3.55,0.49,Karachi
2026-04-01 21:06:25.025305,71.9,17.0,28.51,289.18,2.4,13.64,12.94,5.6,0.59,Karachi
2026-04-01 22:06:25.025305,46.3,13.1,12.65,382.37,1.73,2.99,12.34,4.63,4.35,Karachi
2026-04-01 23:06:25.025305,57.5,18.69,19.51,167.29,5.48,8.71,26.75,2.46,0.5,Karachi
2026-04-02 00:06:25.025305,66.7,15.04,32.71,392.01,0.53,12.53,10.37,1.69,0.93,Karachi
2026-04-02 01:06:25.025305,48.4,14.49,33.69,214.56,0.08,6.9,8.15,3.44,1.67,Karachi
2026-04-02 02:06:25.025305,73.3,16.75,33.95,284.0,1.79,12.32,15.75,2.75,0.27,Karachi
2026-04-02 03:06:25.025305,61.8,14.26,16.41,274.25,0.81,10.77,15.98,2.67,1.0,Karachi
2026-04-02 04:06:25.025305,70.6,12.74,33.22,335.31,0.15,12.39,17.12,6.89,2.01,Karachi
2026-04-02 05:06:25.025305,70.8,15.21,39.31,204.11,3.87,12.95,23.28,5.9,3.02,Karachi
2026-04-02 06:06:25.025305,112.8,24.82,42.49,327.73,0.35,16.06,10.25,7.08,1.48,Karachi
2026-04-02 07:06:25.025305,90.0,20.31,36.72,421.46,2.81,13.33,5.47,2.85,1.66,Karachi
2026-04-02 08:06:25.025305,79.1,27.43,33.35,218.21,0.99,9.11,14.43,5.17,0.2,Karachi
2026-04-02 09:06:25.025305,111.5,26.47,40.54,311.38,0.57,23.98,31.11,8.81,4.37,Karachi
2026-04-02 10:06:25.025305,84.0,36.68,40.47,260.28,1.43,6.7,9.09,4.29,0.21,Karachi
2026-04-02 11:06:25.025305,107.5,32.55,44.16,325.55,4.85,23.96,5.59,9.15,2.24,Karachi
2026-04-02 12:06:25.025305,75.6,22.09,35.11,301.15,1.49,19.15,20.06,7.12,0.46,Karachi
2026-04-02 13:06:25.025305,84.4,19.34,28.35,261.51,4.17,13.98,20.03,8.39,4.07,Karachi
2026-04-02 14:06:25.025305,105.3,32.98,40.72,329.27,0.4,8.54,16.62,6.93,1.91,Karachi
2026-04-02 15:06:25.025305,110.2,27.98,52.07,408.26,4.45,18.39,18.33,7.79,2.1,Karachi
2026-04-02 16:06:25.025305,97.6,27.93,38.0,288.55,0.81,17.31,15.65,8.68,0.37,Karachi
2026-04-02 17:06:25.025305,88.4,37.56,50.96,343.19,3.39,11.88,20.12,6.2,0.88,Karachi
2026-04-02 18:06:25.025305,80.5,22.06,30.61,222.4,2.5,12.43,13.95,3.83,1.44,Karachi
2026-04-02 19:06:25.025305,57.6,21.89,26.01,242.61,7.94,16.5,15.65,2.56,2.2,Karachi
2026-04-02 20:06:25.025305,64.2,14.46,34.43,328.34,1.47,14.22,-3.0,4.33,0.16,Karachi
2026-04-02 21:06:25.025305,63.9,17.73,15.51,389.05,0.21,7.81,8.93,1.26,4.92,Karachi
2026-04-02 22:06:25.025305,83.5,32.24,21.0,321.34,0.06,8.65,11.62,4.73,3.31,Karachi
2026-04-02 23:06:25.025305,70.8,16.7,17.55,281.22,5.26,11.44,14.05,6.44,0.47,Karachi
2026-04-03 00:06:25.025305,38.6,19.86,26.29,299.96,2.23,6.09,5.25,-2.07,2.6,Karachi
2026-04-03 01:06:25.025305,70.5,23.29,25.21,224.98,4.48,14.68,20.31,7.3,1.1,Karachi
2026-04-03 02:06:25.025305,61.9,14.52,46.46,336.27,0.8,9.0,2.46,5.96,0.93,Karachi
2026-04-03 03:06:25.025305,60.7,20.16,20.98,352.94,1.27,12.97,13.63,2.72,0.57,Karachi
2026-04-03 04:06:25.025305,84.2,28.43,36.83,272.87,0.09,22.89,21.87,6.14,1.3,Karachi
2026-04-03 05:06:25.025305,95.3,29.79,52.36,271.8,9.77,20.41,32.1,5.72,1.96,Karachi
2026-04-03 06:06:25.025305,99.0,19.86,57.62,315.95,3.31,17.62,18.88,8.4,0.79,Karachi
2026-04-03 07:06:25.025305,77.6,18.09,49.08,273.8,8.12,13.23,19.02,6.62,1.49,Karachi
2026-04-03 08:06:25.025305,90.4,24.06,47.62,296.03,0.93,14.84,9.06,2.62,1.8,Karachi
2026-04-03 09:06:25.025305,104.1,28.78,51.92,425.98,2.84,23.46,8.55,7.42,1.86,Karachi
2026-04-03 10:06:25.025305,117.0,35.85,53.86,285.18,3.4,18.54,30.8,6.61,0.08,Karachi
2026-04-03 11:06:25.025305,97.1,28.09,47.02,278.5,1.15,17.66,21.34,5.99,2.95,Karachi
2026-04-03 12:06:25.025305,102.2,21.94,38.52,261.15,5.65,18.6,29.56,4.68,0.92,Karachi
2026-04-03 13:06:25.025305,87.7,26.46,30.3,344.65,8.82,13.78,11.06,8.76,0.46,Karachi
2026-04-03 14:06:25.025305,84.4,26.68,35.41,289.13,6.48,9.7,21.68,7.14,0.42,Karachi
2026-04-03 15:06:25.025305,111.3,33.97,45.4,261.04,4.03,21.33,35.71,5.2,0.99,Karachi
2026-04-03 16:06:25.025305,115.3,37.7,44.82,379.28,0.97,20.52,27.89,4.25,3.27,Karachi
2026-04-03 17:06:25.025305,89.1,29.12,42.99,385.18,0.99,18.04,21.26,4.57,0.71,Karachi
2026-04-03 18:06:25.025305,100.1,30.31,49.66,263.97,9.92,15.88,22.06,6.87,2.08,Karachi
2026-04-03 19:06:25.025305,85.2,23.52,36.51,188.01,0.03,20.23,9.33,5.6,0.15,Karachi
2026-04-03 20:06:25.025305,65.3,9.99,39.26,360.45,3.78,8.25,22.5,6.43,0.97,Karachi
2026-04-03 21:06:25.025305,76.3,23.51,22.9,258.92,3.68,20.58,13.12,6.16,7.18,Karachi
2026-04-03 22:06:25.025305,90.8,26.45,36.57,347.44,2.92,9.34,22.99,7.38,2.21,Karachi
2026-04-03 23:06:25.025305,65.1,19.6,21.63,181.79,13.85,13.47,4.95,4.56,0.35,Karachi
2026-04-04 00:06:25.025305,88.5,18.39,22.22,353.56,1.12,17.83,12.39,2.53,1.04,Karachi
2026-04-04 01:06:25.025305,26.4,1.98,10.42,227.33,1.25,1.57,14.42,1.19,0.4,Karachi
2026-04-04 02:06:25.025305,80.0,27.67,32.63,343.85,0.25,16.1,15.52,6.92,0.79,Karachi
2026-04-04 03:06:25.025305,72.2,20.01,42.42,300.86,1.75,18.11,24.6,4.23,2.27,Karachi
2026-04-04 04:06:25.025305,70.5,23.15,34.66,242.76,0.91,3.83,15.04,5.24,2.21,Karachi
2026-04-04 05:06:25.025305,81.2,22.88,25.91,275.58,1.26,16.63,6.81,4.23,0.39,Karachi
2026-04-04 06:06:25.025305,55.2,15.6,38.01,341.18,5.4,-0.04,17.49,1.25,3.83,Karachi
2026-04-04 07:06:25.025305,86.9,29.02,46.26,306.35,8.22,11.78,15.57,4.97,1.35,Karachi
2026-04-04 08:06:25.025305,100.4,25.52,46.81,335.06,0.62,24.58,26.27,6.64,0.72,Karachi
2026-04-04 09:06:25.025305,121.3,34.45,49.14,418.59,1.4,19.51,26.84,5.97,1.05,Karachi
2026-04-04 10:06:25.025305,94.5,24.16,32.03,206.15,7.92,12.32,11.54,5.2,1.39,Karachi
2026-04-04 11:06:25.025305,92.2,23.64,35.74,397.03,0.19,15.8,21.27,3.65,1.23,Karachi
2026-04-04 12:06:25.025305,97.5,25.75,49.65,306.26,0.29,25.82,34.62,8.09,1.0,Karachi
2026-04-04 13:06:25.025305,118.0,34.16,64.66,246.07,0.53,13.92,28.93,6.49,1.05,Karachi
2026-04-04 14:06:25.025305,107.3,27.64,57.39,220.18,2.71,15.1,23.25,9.34,0.29,Karachi
2026-04-04 15:06:25.025305,91.2,31.81,34.39,288.65,0.49,22.4,26.52,8.53,2.51,Karachi
2026-04-04 16:06:25.025305,102.7,24.28,34.18,355.3,10.33,25.92,23.86,6.0,1.17,Karachi
2026-04-04 17:06:25.025305,91.6,24.72,39.61,292.35,1.78,16.08,21.42,3.48,0.21,Karachi
2026-04-04 18:06:25.025305,99.5,25.67,27.65,390.67,2.09,12.96,15.35,1.8,2.18,Karachi
2026-04-04 19:06:25.025305,69.3,26.64,31.69,212.93,0.85,20.86,16.65,1.21,4.04,Karachi
2026-04-04 20:06:25.025305,70.1,20.61,28.25,299.27,1.91,18.99,21.63,1.46,4.41,Karachi
2026-04-04 21:06:25.025305,65.0,23.35,23.56,224.86,3.25,14.41,9.28,6.66,0.69,Karachi
2026-04-04 22:06:25.025305,45.7,5.38,6.45,321.82,4.17,4.98,18.61,2.98,0.22,Karachi
2026-04-04 23:06:25.025305,70.1,20.97,33.56,353.21,4.21,12.43,14.88,4.99,1.1,Karachi
2026-04-05 00:06:25.025305,68.9,23.74,24.68,274.75,2.59,11.76,9.83,-0.31,0.18,Karachi
2026-04-05 01:06:25.025305,65.8,18.82,18.26,143.75,7.04,13.16,20.45,1.55,4.08,Karachi
2026-04-05 02:06:25.025305,64.2,23.29,3.97,311.94,5.1,17.35,12.39,5.62,0.3,Karachi
2026-04-05 03:06:25.025305,180.0,47.81,75.38,326.2,4.24,35.92,44.16,11.37,0.44,Karachi
2026-04-05 04:06:25.025305,180.0,57.45,89.78,324.26,0.17,28.09,37.85,10.51,0.78,Karachi
2026-04-05 05:06:25.025305,180.0,61.89,88.89,374.15,0.02,37.91,39.24,11.93,0.72,Karachi
2026-04-05 06:06:25.025305,180.0,48.59,71.94,235.74,0.72,33.65,42.56,14.07,2.37,Karachi
2026-04-05 07:06:25.025305,180.0,48.17,70.78,340.81,3.27,35.15,41.35,10.36,0.91,Karachi
2026-04-05 08:06:25.025305,180.0,57.67,79.35,371.55,1.59,38.27,27.63,10.94,0.28,Karachi
2026-04-05 09:06:25.025305,180.0,58.3,67.61,193.28,1.54,27.95,32.87,11.19,0.47,Karachi
2026-04-05 10:06:25.025305,180.0,47.79,78.01,319.18,6.48,32.26,45.18,15.58,1.07,Karachi
2026-04-05 11:06:25.025305,180.0,48.3,81.73,269.75,6.78,30.27,38.81,6.6,0.24,Karachi
2026-04-05 12:06:25.025305,180.0,48.99,85.42,295.11,7.2,26.13,36.46,12.17,1.42,Karachi
2026-04-05 13:06:25.025305,75.5,14.43,30.92,320.86,1.13,14.98,8.47,4.3,1.25,Karachi
2026-04-05 14:06:25.025305,101.9,23.95,41.18,270.77,3.52,28.39,15.94,7.25,1.88,Karachi
2026-04-05 15:06:25.025305,100.0,22.99,35.0,259.46,0.95,10.65,9.88,4.69,4.16,Karachi
2026-04-05 16:06:25.025305,131.9,33.11,48.8,302.05,0.63,23.62,28.42,7.82,3.65,Karachi
2026-04-05 17:06:25.025305,87.3,24.27,34.85,234.77,0.61,18.27,15.61,6.66,4.38,Karachi
2026-04-05 18:06:25.025305,89.5,26.24,40.54,234.85,1.26,16.61,13.9,11.6,0.42,Karachi
2026-04-05 19:06:25.025305,79.3,29.96,40.62,340.76,1.69,13.82,17.04,6.37,0.21,Karachi
2026-04-05 20:06:25.025305,57.5,11.1,17.71,231.07,5.33,5.15,14.83,1.75,0.54,Karachi
2026-04-05 21:06:25.025305,88.0,29.56,48.9,339.98,0.38,16.77,31.92,4.43,3.38,Karachi
2026-04-05 22:06:25.025305,79.0,21.04,30.99,327.76,3.98,11.19,8.3,3.83,5.37,Karachi
2026-04-05 23:06:25.025305,77.5,21.47,32.4,196.45,2.27,5.2,24.02,1.06,2.94,Karachi
2026-04-06 00:06:25.025305,51.4,17.75,15.59,259.35,1.02,14.02,17.14,2.42,0.17,Karachi
2026-04-06 01:06:25.025305,86.7,18.67,17.03,371.65,2.04,19.44,14.4,6.67,4.42,Karachi
2026-04-06 02:06:25.025305,46.7,14.97,26.67,241.13,1.07,8.6,11.48,0.25,0.83,Karachi
2026-04-06 03:06:25.025305,79.7,23.14,39.35,272.14,2.72,15.26,14.78,6.88,0.01,Karachi
2026-04-06 04:06:25.025305,107.9,32.66,43.05,327.72,1.71,23.71,24.84,7.45,0.88,Karachi
2026-04-06 05:06:25.025305,65.0,19.64,27.82,347.0,0.54,12.59,23.35,2.43,0.07,Karachi
2026-04-06 06:06:25.025305,76.5,33.7,36.26,284.91,0.37,17.39,20.46,4.31,1.18,Karachi
2026-04-06 07:06:25.025305,91.7,22.48,26.0,264.15,2.37,15.31,23.22,8.7,0.62,Karachi
2026-04-06 08:06:25.025305,87.4,21.83,32.5,385.34,6.98,20.99,16.66,6.71,0.96,Karachi
2026-04-06 09:06:25.025305,75.9,18.13,38.22,404.33,1.26,14.94,7.79,4.57,1.42,Karachi
2026-04-06 10:06:25.025305,103.3,26.16,33.37,358.73,3.96,19.38,21.49,5.73,3.05,Karachi
2026-04-06 11:06:25.025305,88.4,21.56,39.47,305.12,3.22,10.83,26.68,5.46,1.63,Karachi
2026-04-06 12:06:25.025305,112.1,37.33,36.23,251.5,8.05,21.33,15.5,5.7,0.85,Karachi
2026-04-06 13:06:25.025305,90.5,32.45,41.75,250.17,5.16,12.97,13.59,1.22,2.57,Karachi
2026-04-06 14:06:25.025305,125.6,32.31,52.45,331.35,2.51,20.05,28.38,11.62,3.54,Karachi
2026-04-06 15:06:25.025305,87.4,20.31,23.78,325.1,3.21,12.47,13.32,5.55,0.19,Karachi
2026-04-06 16:06:25.025305,90.2,27.6,47.19,384.1,6.86,11.97,15.08,6.21,1.14,Karachi
2026-04-06 17:06:25.025305,102.4,25.91,37.12,339.03,1.53,26.93,19.98,6.03,0.5,Karachi
2026-04-06 18:06:25.025305,66.5,21.8,21.46,209.82,1.19,17.3,6.44,2.52,0.07,Karachi
2026-04-06 19:06:25.025305,83.2,24.32,36.56,363.12,0.03,22.66,12.47,4.62,1.66,Karachi
2026-04-06 20:06:25.025305,94.6,18.91,48.92,240.12,5.26,12.14,25.03,2.48,2.98,Karachi
2026-04-06 21:06:25.025305,46.7,20.83,11.51,276.96,4.84,8.7,2.44,7.36,0.27,Karachi
2026-04-06 22:06:25.025305,70.4,28.71,30.08,315.01,0.33,7.51,5.91,1.76,2.51,Karachi
2026-04-06 23:06:25.025305,69.6,16.42,32.65,419.74,2.58,9.74,11.53,2.11,2.88,Karachi
2026-04-07 00:06:25.025305,76.7,19.55,37.77,486.6,1.87,10.14,21.27,3.72,3.69,Karachi
2026-04-07 01:06:25.025305,47.1,14.62,21.2,336.4,0.38,13.44,9.19,5.4,0.46,Karachi
2026-04-07 02:06:25.025305,47.9,15.08,17.17,289.01,11.82,7.03,7.74,2.9,3.51,Karachi
2026-04-07 03:06:25.025305,78.7,25.33,26.43,332.07,0.73,18.44,17.58,2.25,0.58,Karachi
2026-04-07 04:06:25.025305,79.5,32.3,34.06,353.26,0.21,16.72,7.01,7.28,1.21,Karachi
2026-04-07 05:06:25.025305,83.6,22.52,26.53,280.76,2.71,24.26,21.36,6.48,0.08,Karachi
2026-04-07 06:06:25.025305,90.2,21.26,14.51,407.71,4.03,10.32,22.14,6.49,0.07,Karachi
2026-04-07 07:06:25.025305,80.0,15.5,37.08,313.8,0.1,19.43,15.14,6.23,1.91,Karachi
2026-04-07 08:06:25.025305,98.5,23.92,48.59,329.86,3.23,22.31,27.7,10.7,0.88,Karachi
2026-04-07 09:06:25.025305,103.5,28.83,24.58,339.96,2.28,14.74,16.01,10.58,0.44,Karachi
2026-04-07 10:06:25.025305,91.6,34.62,30.4,325.3,0.33,20.52,26.92,4.12,0.32,Karachi
2026-04-07 11:06:25.025305,132.3,34.46,60.52,350.34,0.57,25.16,30.03,11.19,1.66,Karachi
2026-04-07 12:06:25.025305,112.1,32.51,63.55,262.96,2.52,19.27,22.64,7.49,0.0,Karachi
2026-04-07 13:06:25.025305,86.4,24.12,36.47,266.5,1.05,12.27,18.9,6.19,2.46,Karachi
2026-04-07 14:06:25.025305,112.2,37.35,41.29,233.99,8.36,17.31,24.03,3.35,0.12,Karachi
2026-04-07 15:06:25.025305,84.5,36.3,34.04,326.37,5.12,23.41,25.92,4.73,0.32,Karachi
2026-04-07 16:06:25.025305,106.8,27.25,55.86,346.74,12.33,19.23,17.04,4.78,0.73,Karachi
2026-04-07 17:06:25.025305,107.6,27.67,40.01,327.47,0.9,22.49,19.09,8.11,0.99,Karachi
2026-04-07 18:06:25.025305,72.7,25.57,24.14,400.47,10.49,9.92,22.21,6.5,0.66,Karachi
2026-04-07 19:06:25.025305,94.3,29.81,35.73,299.66,1.69,13.85,17.17,1.51,0.58,Karachi
2026-04-07 20:06:25.025305,81.2,31.97,26.47,340.12,1.28,18.94,23.27,4.83,4.98,Karachi
2026-04-07 21:06:25.025305,83.2,26.21,35.92,234.5,0.15,9.58,28.5,7.24,1.54,Karachi
2026-04-07 22:06:25.025305,96.1,25.12,53.37,276.77,0.16,15.64,18.74,5.39,0.04,Karachi
2026-04-07 23:06:25.025305,62.0,20.31,28.62,341.73,3.53,11.3,17.73,5.18,0.84,Karachi
2026-04-08 00:06:25.025305,53.7,20.58,20.53,350.95,1.84,10.11,4.89,3.92,3.12,Karachi
2026-04-08 01:06:25.025305,52.3,18.76,19.65,282.36,0.77,8.7,16.04,3.82,0.54,Karachi
2026-04-08 02:06:25.025305,55.4,18.06,10.78,295.7,2.86,11.56,13.39,2.78,0.15,Karachi
2026-04-08 03:06:25.025305,69.7,24.85,36.34,208.93,0.87,15.32,18.17,1.75,2.13,Karachi
2026-04-08 04:06:25.025305,80.1,28.28,33.03,278.58,2.59,17.36,13.75,2.56,1.4,Karachi
2026-04-08 05:06:25.025305,84.0,30.42,33.83,353.42,1.34,11.17,8.51,6.46,1.27,Karachi
2026-04-08 06:06:25.025305,97.4,30.52,66.46,334.51,5.2,16.4,24.45,5.88,0.08,Karachi
2026-04-08 07:06:25.025305,90.4,24.47,40.35,330.04,5.16,21.05,7.5,5.15,0.23,Karachi
2026-04-08 08:06:25.025305,116.8,33.44,43.04,302.99,1.95,24.6,23.79,6.16,1.46,Karachi
2026-04-08 09:06:25.025305,95.2,32.68,36.56,300.42,1.3,11.64,26.58,5.1,0.35,Karachi
2026-04-08 10:06:25.025305,143.1,35.99,69.3,260.38,1.35,27.17,32.64,10.68,1.05,Karachi
2026-04-08 11:06:25.025305,113.7,33.68,48.66,341.93,4.92,12.55,36.7,6.15,1.18,Karachi
2026-04-08 12:06:25.025305,92.1,23.83,27.19,325.26,1.19,16.77,26.42,2.85,0.5,Karachi
2026-04-08 13:06:25.025305,88.3,24.86,44.42,329.52,0.7,23.48,15.49,6.78,4.45,Karachi
2026-04-08 14:06:25.025305,109.6,37.07,40.67,268.44,0.27,15.93,24.27,6.16,2.77,Karachi
2026-04-08 15:06:25.025305,95.8,27.78,55.22,170.8,1.89,13.9,20.79,5.81,1.92,Karachi
2026-04-08 16:06:25.025305,105.7,29.83,53.04,365.83,1.97,22.08,13.76,9.56,0.12,Karachi
2026-04-08 17:06:25.025305,97.3,20.44,37.28,271.27,5.51,11.34,15.76,5.8,0.17,Karachi
2026-04-08 18:06:25.025305,83.9,27.23,45.49,248.23,0.75,12.57,15.1,5.61,1.02,Karachi
2026-04-08 19:06:25.025305,67.1,22.02,28.73,341.61,1.44,14.47,2.55,1.67,0.26,Karachi
2026-04-08 20:06:25.025305,52.3,25.45,28.78,276.48,4.96,6.87,11.79,2.7,5.74,Karachi
2026-04-08 21:06:25.025305,64.2,16.43,30.83,363.6,5.21,10.6,12.62,5.07,0.26,Karachi
2026-04-08 22:06:25.025305,80.5,23.64,27.05,337.02,1.46,17.47,7.68,1.72,1.0,Karachi
2026-04-08 23:06:25.025305,68.9,20.54,23.79,341.01,1.84,14.09,17.58,4.54,0.68,Karachi
2026-04-09 00:06:25.025305,46.3,20.86,27.69,218.04,1.08,9.4,14.48,2.98,1.53,Karachi
2026-04-09 01:06:25.025305,68.3,18.64,26.0,372.72,8.09,10.93,16.38,4.18,0.21,Karachi
2026-04-09 02:06:25.025305,73.5,21.96,27.62,315.68,0.38,14.7,14.22,6.48,0.84,Karachi
2026-04-09 03:06:25.025305,57.6,19.17,16.55,277.84,8.14,9.87,16.22,4.12,0.48,Karachi
2026-04-09 04:06:25.025305,77.3,22.58,35.86,308.6,3.45,15.75,21.09,7.59,3.28,Karachi
2026-04-09 05:06:25.025305,80.7,20.36,50.39,193.43,2.28,12.54,19.6,2.85,0.06,Karachi
2026-04-09 06:06:25.025305,67.9,19.97,19.96,324.52,0.1,11.48,9.98,4.34,3.68,Karachi
2026-04-09 07:06:25.025305,95.5,32.12,40.32,238.24,1.94,13.24,22.68,5.9,2.68,Karachi
2026-04-09 08:06:25.025305,103.4,23.82,54.73,218.84,1.57,18.47,29.92,4.07,0.53,Karachi
2026-04-09 09:06:25.025305,115.4,32.97,47.83,208.66,0.53,17.53,21.81,8.84,2.34,Karachi
2026-04-09 10:06:25.025305,118.1,29.58,53.23,366.76,3.2,16.81,38.58,11.74,0.05,Karachi
2026-04-09 11:06:25.025305,83.7,29.4,26.64,262.24,10.64,16.09,15.25,4.99,5.11,Karachi
2026-04-09 12:06:25.025305,90.9,17.85,41.62,392.02,2.48,17.22,20.2,6.47,1.12,Karachi
2026-04-09 13:06:25.025305,112.0,28.58,45.56,267.85,3.76,23.3,20.61,6.89,0.54,Karachi
2026-04-09 14:06:25.025305,110.0,32.69,54.1,197.56,0.21,18.08,25.55,5.17,0.68,Karachi
2026-04-09 15:06:25.025305,106.9,37.75,54.38,233.01,1.62,20.87,13.06,2.77,0.1,Karachi
2026-04-09 16:06:25.025305,152.8,42.45,84.89,374.15,0.37,29.71,30.34,7.76,6.81,Karachi
2026-04-09 17:06:25.025305,98.7,24.87,46.11,290.65,2.85,19.55,15.17,3.14,0.06,Karachi
2026-04-09 18:06:25.025305,102.0,37.98,45.46,267.1,8.37,15.06,23.26,9.53,1.6,Karachi
2026-04-09 19:06:25.025305,94.1,19.12,41.09,309.6,3.25,17.54,26.68,5.42,0.88,Karachi
2026-04-09 20:06:25.025305,84.8,12.74,32.78,330.11,0.24,16.72,22.53,4.39,4.46,Karachi
2026-04-09 21:06:25.025305,66.1,20.72,30.48,367.04,1.31,11.93,0.32,5.75,0.42,Karachi
2026-04-09 22:06:25.025305,79.1,19.63,30.84,386.91,2.4,5.89,29.65,2.5,1.14,Karachi
2026-04-09 23:06:25.025305,54.1,10.04,24.07,278.41,1.55,10.38,13.67,1.71,0.99,Karachi
2026-04-10 00:06:25.025305,61.4,20.75,36.35,220.44,5.38,19.91,8.86,3.82,1.82,Karachi
2026-04-10 01:06:25.025305,58.4,17.57,16.48,275.19,5.06,9.07,13.79,5.56,0.11,Karachi
2026-04-10 02:06:25.025305,68.9,16.47,38.06,315.62,2.84,9.49,16.22,5.14,0.32,Karachi
2026-04-10 03:06:25.025305,105.6,23.16,54.88,242.17,1.4,20.5,19.23,6.83,0.36,Karachi
2026-04-10 04:06:25.025305,47.0,17.52,18.79,242.57,0.88,9.71,11.53,2.98,2.01,Karachi
2026-04-10 05:06:25.025305,90.1,28.48,20.87,320.63,0.34,20.99,16.18,6.21,0.31,Karachi
2026-04-10 06:06:25.025305,60.8,16.53,20.68,297.08,1.32,5.91,10.95,4.05,1.28,Karachi
2026-04-10 07:06:25.025305,83.1,32.5,45.28,301.97,1.6,17.88,14.16,2.93,0.36,Karachi
2026-04-10 08:06:25.025305,111.3,25.82,46.58,254.49,3.38,22.4,15.9,6.77,2.97,Karachi
2026-04-10 09:06:25.025305,100.1,20.4,34.05,286.18,3.22,17.45,22.9,3.86,4.28,Karachi
2026-04-10 10:06:25.025305,86.2,20.66,32.15,244.55,0.22,16.86,22.47,5.33,1.1,Karachi
2026-04-10 11:06:25.025305,93.6,25.98,46.03,353.41,1.51,20.96,23.68,4.65,0.65,Karachi
2026-04-10 12:06:25.025305,115.2,33.47,52.76,362.11,0.6,24.22,30.26,11.99,0.4,Karachi
2026-04-10 13:06:25.025305,93.4,24.94,37.3,189.23,0.51,12.23,22.49,5.52,0.08,Karachi
2026-04-10 14:06:25.025305,105.6,31.32,41.4,244.23,5.27,22.28,20.03,3.53,0.47,Karachi
2026-04-10 15:06:25.025305,99.8,21.69,38.79,210.21,0.13,17.71,27.0,5.72,1.59,Karachi
2026-04-10 16:06:25.025305,85.2,31.08,28.42,261.0,1.63,15.63,10.6,6.15,1.14,Karachi
2026-04-10 17:06:25.025305,122.3,33.84,64.3,294.99,0.55,22.31,21.51,10.69,4.32,Karachi
2026-04-10 18:06:25.025305,94.5,32.05,37.12,213.02,6.34,16.41,15.01,4.49,0.76,Karachi
2026-04-10 19:06:25.025305,49.4,15.56,30.5,244.69,2.44,13.67,17.36,-0.2,1.78,Karachi
2026-04-10 20:06:25.025305,77.8,24.07,44.85,239.76,0.79,13.67,22.77,6.3,1.01,Karachi
2026-04-10 21:06:25.025305,60.9,19.91,33.58,312.44,2.09,6.49,16.33,0.89,1.08,Karachi
2026-04-10 22:06:25.025305,80.5,24.77,30.34,304.16,3.94,12.91,24.13,3.96,0.47,Karachi
2026-04-10 23:06:25.025305,53.8,18.28,25.82,256.7,9.52,10.4,6.56,2.71,0.91,Karachi
2026-04-11 00:06:25.025305,63.3,24.36,26.38,310.61,0.75,16.31,16.01,3.66,0.95,Karachi
2026-04-11 01:06:25.025305,73.3,21.49,23.54,267.2,6.52,15.6,15.37,5.77,1.84,Karachi
2026-04-11 02:06:25.025305,80.7,26.13,36.47,283.7,8.17,11.12,22.83,3.47,4.24,Karachi
2026-04-11 03:06:25.025305,52.9,14.35,12.77,400.41,7.45,19.45,10.94,2.62,0.6,Karachi
2026-04-11 04:06:25.025305,70.0,26.8,38.89,380.43,3.03,13.66,13.09,4.17,0.06,Karachi
2026-04-11 05:06:25.025305,72.7,16.97,26.82,222.03,2.98,18.19,19.24,4.66,1.03,Karachi
2026-04-11 06:06:25.025305,75.2,30.06,33.19,349.78,1.55,12.93,21.8,4.71,1.18,Karachi
2026-04-11 07:06:25.025305,116.7,32.46,51.26,348.68,4.19,23.13,21.65,7.87,0.28,Karachi
2026-04-11 08:06:25.025305,101.1,21.15,40.38,231.1,2.27,21.55,21.87,7.75,2.14,Karachi
2026-04-11 09:06:25.025305,80.2,23.1,38.39,349.13,3.39,19.31,11.3,5.6,6.29,Karachi
2026-04-11 10:06:25.025305,116.1,29.1,44.96,392.28,1.68,25.13,10.55,7.87,4.37,Karachi
2026-04-11 11:06:25.025305,136.2,42.33,64.15,232.65,3.94,28.0,31.16,5.0,0.33,Karachi
2026-04-11 12:06:25.025305,120.5,30.47,39.84,244.95,5.22,20.43,30.16,7.33,3.12,Karachi
2026-04-11 13:06:25.025305,81.5,20.6,35.25,361.06,0.48,12.39,19.51,5.85,1.83,Karachi
2026-04-11 14:06:25.025305,95.1,17.17,55.44,316.29,5.37,18.44,9.22,7.16,0.91,Karachi
2026-04-11 15:06:25.025305,118.1,30.82,41.62,333.09,2.33,25.0,23.89,5.7,1.17,Karachi
2026-04-11 16:06:25.025305,84.4,11.51,30.02,320.44,5.59,14.3,5.25,3.75,2.84,Karachi
2026-04-11 17:06:25.025305,96.8,19.19,44.78,323.44,1.69,21.69,29.52,4.66,0.98,Karachi
2026-04-11 18:06:25.025305,96.6,30.86,42.02,220.41,1.43,23.2,14.74,6.87,0.7,Karachi
2026-04-11 19:06:25.025305,65.9,22.39,30.49,362.84,7.4,8.2,22.03,6.02,1.02,Karachi
2026-04-11 20:06:25.025305,74.1,22.88,35.04,370.18,0.87,9.99,21.98,3.63,1.3,Karachi
2026-04-11 21:06:25.025305,22.2,1.39,14.42,286.24,5.58,3.44,-0.51,3.15,0.31,Karachi
2026-04-11 22:06:25.025305,52.3,14.41,30.85,297.39,1.99,10.65,4.71,3.39,3.47,Karachi
2026-04-11 23:06:25.025305,61.9,17.31,29.27,208.13,2.17,9.04,15.72,3.47,1.68,Karachi
2026-04-12 00:06:25.025305,46.3,7.17,17.51,330.86,1.11,13.74,5.12,2.35,1.5,Karachi
2026-04-12 01:06:25.025305,90.2,32.76,43.25,334.32,2.55,17.93,20.45,6.9,0.16,Karachi
2026-04-12 02:06:25.025305,46.2,17.33,34.61,296.27,1.18,8.48,7.27,3.42,1.39,Karachi
2026-04-12 03:06:25.025305,64.3,16.89,25.93,367.46,0.12,5.82,3.45,8.41,0.19,Karachi
2026-04-12 04:06:25.025305,77.0,21.68,24.53,279.96,0.95,8.59,3.55,2.91,0.12,Karachi
2026-04-12 05:06:25.025305,101.4,29.45,51.46,333.88,0.02,19.38,23.68,7.12,1.12,Karachi
2026-04-12 06:06:25.025305,63.5,7.56,25.69,238.82,11.5,2.89,10.59,2.75,0.77,Karachi
2026-04-12 07:06:25.025305,107.6,28.9,27.82,298.59,10.12,23.42,20.36,4.72,1.33,Karachi
2026-04-12 08:06:25.025305,95.2,23.23,46.74,289.54,1.51,16.5,25.11,5.69,0.14,Karachi
2026-04-12 09:06:25.025305,84.4,18.63,31.17,313.52,3.91,28.17,25.61,5.34,0.85,Karachi
2026-04-12 10:06:25.025305,109.3,29.19,45.16,277.83,1.27,28.9,22.4,12.39,0.29,Karachi
2026-04-12 11:06:25.025305,107.3,39.03,47.72,292.11,3.34,18.59,21.56,6.07,6.53,Karachi
2026-04-12 12:06:25.025305,96.0,30.08,41.84,349.56,4.91,16.85,24.12,3.5,1.24,Karachi
2026-04-12 13:06:25.025305,105.4,26.65,49.93,273.79,8.8,22.95,15.04,6.87,1.74,Karachi
2026-04-12 14:06:25.025305,96.5,29.89,37.06,203.61,1.53,24.19,22.58,1.64,0.59,Karachi
2026-04-12 15:06:25.025305,100.8,35.23,46.46,404.98,4.59,11.6,25.5,5.87,0.15,Karachi
2026-04-12 16:06:25.025305,104.9,34.0,42.0,382.89,0.93,11.74,27.17,6.33,5.59,Karachi
2026-04-12 17:06:25.025305,114.0,32.21,53.78,222.46,13.92,18.03,13.45,8.43,0.51,Karachi
2026-04-12 18:06:25.025305,66.4,15.37,32.82,341.38,0.08,14.29,10.05,5.93,0.83,Karachi
2026-04-12 19:06:25.025305,111.8,34.8,39.48,269.82,2.78,22.11,19.33,5.7,1.57,Karachi
2026-04-12 20:06:25.025305,45.7,14.77,27.89,315.81,3.23,12.51,10.66,2.44,0.04,Karachi
2026-04-12 21:06:25.025305,68.6,23.68,24.52,317.65,3.49,7.55,17.97,2.58,2.49,Karachi
2026-04-12 22:06:25.025305,76.5,24.6,38.6,285.94,0.38,4.51,25.81,2.33,1.15,Karachi
2026-04-12 23:06:25.025305,69.9,24.82,32.29,252.97,8.37,16.01,12.41,4.81,0.49,Karachi
2026-04-13 00:06:25.025305,55.7,12.91,38.08,258.57,0.6,6.71,9.26,0.79,0.1,Karachi
2026-04-13 01:06:25.025305,62.6,24.1,24.49,245.03,2.92,3.19,20.66,2.92,0.27,Karachi
2026-04-13 02:06:25.025305,60.3,17.87,22.52,250.09,0.76,11.43,15.04,1.63,3.38,Karachi
2026-04-13 03:06:25.025305,62.0,27.74,25.89,295.97,1.1,14.34,21.25,4.82,1.74,Karachi
2026-04-13 04:06:25.025305,87.7,21.12,34.43,257.05,2.37,15.31,21.04,8.87,0.43,Karachi
2026-04-13 05:06:25.025305,85.2,32.53,42.17,340.92,1.62,13.5,11.8,2.51,0.1,Karachi
2026-04-13 06:06:25.025305,74.6,21.88,18.4,389.23,0.52,12.79,8.41,0.77,1.76,Karachi
2026-04-13 07:06:25.025305,103.7,25.77,35.11,265.2,0.56,17.18,13.5,5.97,1.27,Karachi
2026-04-13 08:06:25.025305,99.6,25.47,33.29,314.36,1.62,12.54,25.89,6.01,0.78,Karachi
2026-04-13 09:06:25.025305,111.3,29.57,54.36,329.98,4.25,17.18,31.63,7.12,0.68,Karachi
2026-04-13 10:06:25.025305,111.8,33.42,60.63,328.32,6.85,22.2,35.68,5.81,0.37,Karachi
2026-04-13 11:06:25.025305,91.9,28.34,37.76,304.56,0.26,17.83,25.27,5.11,1.66,Karachi
2026-04-13 12:06:25.025305,96.6,24.18,39.22,344.56,1.5,18.06,28.23,6.53,5.29,Karachi
2026-04-13 13:06:25.025305,115.5,32.23,49.08,328.93,0.32,16.81,21.94,9.01,0.29,Karachi
2026-04-13 14:06:25.025305,111.5,41.92,56.11,225.74,0.05,19.34,17.59,2.78,1.36,Karachi
2026-04-13 15:06:25.025305,98.8,36.31,34.09,352.15,3.25,9.08,26.84,5.19,0.83,Karachi
2026-04-13 16:06:25.025305,96.8,29.27,42.55,353.24,2.77,18.13,23.79,6.23,0.89,Karachi
2026-04-13 17:06:25.025305,109.3,30.81,53.72,254.2,0.53,25.4,24.7,4.72,0.44,Karachi
2026-04-13 18:06:25.025305,76.1,21.92,35.98,302.28,0.8,7.81,19.07,8.03,2.62,Karachi
2026-04-13 19:06:25.025305,88.0,27.72,38.49,341.0,0.07,13.5,21.31,4.01,1.0,Karachi
2026-04-13 20:06:25.025305,72.0,15.04,38.23,287.44,5.4,14.27,23.54,4.24,1.18,Karachi
2026-04-13 21:06:25.025305,67.6,17.64,6.76,364.38,11.03,17.18,22.64,5.17,0.55,Karachi
2026-04-13 22:06:25.025305,84.2,15.22,40.77,441.83,0.44,13.36,21.78,3.87,0.3,Karachi
2026-04-13 23:06:25.025305,78.1,23.85,27.55,252.84,0.79,11.28,22.25,0.99,0.13,Karachi
2026-04-14 00:06:25.025305,77.2,24.85,17.78,217.14,6.08,6.02,20.07,3.77,1.88,Karachi
2026-04-14 01:06:25.025305,85.3,21.46,39.9,318.23,7.83,15.76,15.99,7.17,0.33,Karachi
2026-04-14 02:06:25.025305,68.0,26.91,39.55,343.29,1.63,20.41,19.5,3.41,1.76,Karachi
2026-04-14 03:06:25.025305,81.1,16.58,32.96,286.15,0.16,15.71,9.47,3.17,0.74,Karachi
2026-04-14 04:06:25.025305,70.3,12.38,37.17,387.2,0.12,12.57,21.8,6.07,0.81,Karachi
2026-04-14 05:06:25.025305,84.7,24.83,48.47,219.68,2.56,16.53,11.46,4.42,0.95,Karachi
2026-04-14 06:06:25.025305,83.0,28.49,45.4,341.58,1.5,14.9,19.99,3.96,0.69,Karachi
2026-04-14 07:06:25.025305,91.6,34.08,51.6,263.65,0.09,13.24,15.09,5.8,0.16,Karachi
2026-04-14 08:06:25.025305,103.9,26.81,49.59,403.16,2.63,22.0,26.18,7.78,0.56,Karachi
2026-04-14 09:06:25.025305,86.9,29.72,37.09,419.55,0.03,16.54,18.91,9.98,1.63,Karachi
2026-04-14 10:06:25.025305,133.7,37.25,43.34,254.0,4.64,24.14,19.85,9.68,1.64,Karachi
2026-04-14 11:06:25.025305,89.2,24.12,35.51,267.03,1.1,12.16,22.15,7.67,0.51,Karachi
2026-04-14 12:06:25.025305,86.8,28.72,29.7,351.58,0.12,20.84,15.63,4.2,0.92,Karachi
2026-04-14 13:06:25.025305,121.7,37.33,68.48,276.77,2.66,24.56,32.06,5.25,0.32,Karachi
2026-04-14 14:06:25.025305,114.2,24.09,46.56,297.28,1.52,18.34,25.13,6.98,0.35,Karachi
2026-04-14 15:06:25.025305,108.5,37.76,46.56,301.52,10.93,23.54,26.24,6.72,0.03,Karachi
2026-04-14 16:06:25.025305,104.4,36.14,48.27,184.82,2.36,16.81,17.23,4.11,3.41,Karachi
2026-04-14 17:06:25.025305,90.0,22.07,38.15,299.17,0.97,13.07,16.26,5.05,0.35,Karachi
2026-04-14 18:06:25.025305,71.5,22.01,43.61,258.62,3.71,9.84,12.99,5.09,0.39,Karachi
2026-04-14 19:06:25.025305,81.0,25.14,29.02,270.41,0.95,7.49,22.95,5.58,0.49,Karachi
2026-04-14 20:06:25.025305,64.8,19.46,28.79,386.62,7.04,13.56,24.33,4.9,0.2,Karachi
2026-04-14 21:06:25.025305,85.5,21.18,29.96,224.61,1.41,8.06,13.98,5.71,1.53,Karachi
2026-04-14 22:06:25.025305,65.5,14.97,16.94,348.79,2.39,6.87,20.87,2.91,0.12,Karachi
2026-04-14 23:06:25.025305,53.3,14.8,17.49,283.26,0.16,1.29,-1.29,2.17,0.22,Karachi
2026-04-15 00:06:25.025305,60.2,22.71,24.98,283.21,1.67,10.49,6.07,1.21,1.55,Karachi
2026-04-15 01:06:25.025305,71.9,22.84,26.75,347.42,5.36,12.34,10.06,7.88,0.62,Karachi
2026-04-15 02:06:25.025305,59.2,14.73,19.33,320.4,4.91,9.35,4.91,3.58,1.85,Karachi
2026-04-15 03:06:25.025305,58.5,20.25,13.33,334.24,0.76,6.36,3.37,3.06,1.22,Karachi
2026-04-15 04:06:25.025305,78.7,7.78,32.37,358.09,0.77,9.47,19.78,2.86,0.44,Karachi
2026-04-15 05:06:25.025305,83.5,29.12,23.03,280.12,5.1,16.89,17.09,10.88,1.58,Karachi
2026-04-15 06:06:25.025305,77.4,12.97,38.59,263.27,7.99,11.73,19.3,2.5,0.19,Karachi
2026-04-15 07:06:25.025305,83.1,21.46,35.57,234.89,0.3,16.23,22.43,4.13,1.15,Karachi
2026-04-15 08:06:25.025305,98.5,21.98,29.7,250.48,1.79,14.19,23.26,6.74,0.86,Karachi
2026-04-15 09:06:25.025305,77.4,15.2,30.04,476.95,1.23,14.66,20.98,5.85,0.47,Karachi
2026-04-15 10:06:25.025305,81.2,28.54,28.09,374.68,6.14,19.83,17.45,6.79,1.39,Karachi
2026-04-15 11:06:25.025305,93.5,23.85,41.84,218.94,0.26,19.18,13.46,9.23,3.08,Karachi
2026-04-15 12:06:25.025305,101.8,30.24,53.48,220.65,0.71,16.67,28.74,7.12,10.23,Karachi
2026-04-15 13:06:25.025305,109.0,30.28,30.77,328.91,4.19,20.65,20.44,4.43,1.4,Karachi
2026-04-15 14:06:25.025305,124.5,37.23,53.19,332.84,0.16,21.44,21.77,6.95,0.78,Karachi
2026-04-15 15:06:25.025305,112.0,31.75,45.76,332.93,2.03,20.19,23.57,7.34,0.38,Karachi
2026-04-15 16:06:25.025305,92.6,19.51,44.26,284.7,1.75,15.37,14.9,9.69,0.45,Karachi
2026-04-15 17:06:25.025305,89.9,30.15,39.46,292.47,1.22,15.52,17.27,2.6,0.98,Karachi
2026-04-15 18:06:25.025305,70.0,17.12,23.37,319.67,1.51,13.44,17.46,6.6,0.69,Karachi
2026-04-15 19:06:25.025305,79.5,14.49,30.86,305.15,2.26,10.34,19.59,5.13,3.68,Karachi
2026-04-15 20:06:25.025305,70.7,17.65,23.31,166.84,0.53,8.66,10.16,5.92,0.69,Karachi
2026-04-15 21:06:25.025305,75.7,28.7,40.4,286.21,2.55,8.07,13.73,4.34,0.7,Karachi
2026-04-15 22:06:25.025305,55.3,19.73,23.38,248.92,4.91,3.55,18.61,1.63,0.73,Karachi
2026-04-15 23:06:25.025305,73.5,18.83,46.07,310.51,4.28,8.36,19.14,5.91,2.72,Karachi
2026-04-16 00:06:25.025305,88.0,22.89,36.47,479.12,0.5,16.48,31.81,6.59,1.58,Karachi
2026-04-16 01:06:25.025305,64.1,16.33,21.23,322.05,0.48,7.96,21.17,5.79,1.43,Karachi
2026-04-16 02:06:25.025305,73.7,31.02,18.85,281.19,0.94,15.32,23.08,4.4,0.61,Karachi
2026-04-16 03:06:25.025305,81.2,24.65,19.68,355.31,1.34,14.76,9.54,3.67,2.55,Karachi
2026-04-16 04:06:25.025305,69.0,21.47,16.3,328.96,1.58,4.54,19.76,1.02,0.06,Karachi
2026-04-16 05:06:25.025305,83.2,28.44,37.07,325.21,3.42,17.59,17.98,6.63,3.07,Karachi
2026-04-16 06:06:25.025305,85.2,25.05,39.85,336.41,0.18,18.58,15.44,5.96,1.08,Karachi
2026-04-16 07:06:25.025305,91.6,24.36,25.84,423.39,0.11,12.52,21.17,3.57,0.76,Karachi
2026-04-16 08:06:25.025305,83.4,22.37,42.19,232.15,1.49,16.69,24.02,3.93,1.03,Karachi
2026-04-16 09:06:25.025305,99.5,27.5,37.93,328.42,3.58,14.49,24.9,5.04,1.65,Karachi
2026-04-16 10:06:25.025305,109.8,30.56,47.29,244.42,0.64,20.15,18.88,3.62,0.02,Karachi
2026-04-16 11:06:25.025305,126.1,38.94,65.85,333.33,3.08,17.64,32.19,5.93,3.08,Karachi
2026-04-16 12:06:25.025305,119.4,33.69,57.32,244.88,0.9,14.32,22.44,4.9,0.89,Karachi
2026-04-16 13:06:25.025305,136.6,41.92,55.23,274.96,6.52,23.06,31.36,7.37,0.63,Karachi
2026-04-16 14:06:25.025305,90.8,25.02,31.01,282.29,6.78,15.85,18.16,3.97,0.22,Karachi
2026-04-16 15:06:25.025305,112.2,31.82,29.92,358.55,1.06,18.61,23.38,3.48,0.87,Karachi
2026-04-16 16:06:25.025305,97.8,17.38,35.3,355.11,0.78,12.86,26.1,9.91,1.03,Karachi
2026-04-16 17:06:25.025305,123.0,39.03,49.98,225.26,1.59,20.54,20.82,9.89,0.78,Karachi
2026-04-16 18:06:25.025305,72.9,22.14,22.71,303.3,0.83,14.19,27.7,2.81,1.7,Karachi
2026-04-16 19:06:25.025305,67.2,23.81,27.19,257.43,3.35,11.92,3.86,4.58,0.82,Karachi
2026-04-16 20:06:25.025305,66.0,4.0,28.34,224.49,5.25,12.61,10.94,4.8,4.88,Karachi
2026-04-16 21:06:25.025305,39.0,21.36,14.58,286.98,3.35,4.34,10.8,4.72,1.37,Karachi
2026-04-16 22:06:25.025305,59.8,16.04,19.91,281.49,5.22,15.45,16.66,1.95,2.47,Karachi
2026-04-16 23:06:25.025305,54.3,20.74,24.15,445.6,1.52,5.07,11.34,5.44,0.17,Karachi
2026-04-17 00:06:25.025305,67.3,13.63,31.78,325.98,0.51,14.06,14.45,2.94,0.76,Karachi
2026-04-17 01:06:25.025305,70.8,22.89,21.02,217.34,4.02,17.47,18.04,1.58,0.62,Karachi
2026-04-17 02:06:25.025305,95.8,21.56,51.53,266.11,1.34,19.17,19.69,7.2,1.26,Karachi
2026-04-17 03:06:25.025305,85.1,20.71,34.96,361.28,3.34,14.51,27.08,7.69,2.96,Karachi
2026-04-17 04:06:25.025305,66.3,28.15,28.02,425.31,0.95,9.83,19.63,9.16,0.12,Karachi
2026-04-17 05:06:25.025305,66.3,17.62,33.53,204.84,0.25,16.09,19.83,1.58,0.11,Karachi
2026-04-17 06:06:25.025305,92.4,26.95,40.66,187.2,14.71,10.94,14.53,6.94,2.85,Karachi
2026-04-17 07:06:25.025305,70.4,24.05,37.18,412.26,0.51,8.79,15.01,3.4,0.36,Karachi
2026-04-17 08:06:25.025305,122.5,36.77,53.74,323.38,13.38,20.45,25.14,8.92,1.66,Karachi
2026-04-17 09:06:25.025305,116.8,33.47,44.17,247.9,11.35,25.98,19.67,4.07,1.17,Karachi
2026-04-17 10:06:25.025305,95.3,28.5,42.91,332.08,4.74,18.67,23.12,3.19,2.68,Karachi
2026-04-17 11:06:25.025305,78.6,34.03,23.87,141.86,3.23,10.28,14.07,3.17,0.2,Karachi
2026-04-17 12:06:25.025305,125.3,34.8,53.5,300.2,2.59,21.31,31.5,7.68,0.21,Karachi
2026-04-17 13:06:25.025305,102.6,29.73,42.83,319.67,6.03,16.01,16.15,4.87,1.22,Karachi
2026-04-17 14:06:25.025305,120.9,39.1,49.11,355.46,1.03,18.92,36.91,8.57,4.39,Karachi
2026-04-17 15:06:25.025305,220.0,67.13,91.37,239.17,1.89,43.52,43.02,15.25,0.8,Karachi
2026-04-17 16:06:25.025305,220.0,67.54,77.35,305.14,2.9,34.11,49.72,14.4,0.59,Karachi
2026-04-17 17:06:25.025305,220.0,64.79,88.01,244.47,1.59,46.04,53.15,16.44,1.4,Karachi
2026-04-17 18:06:25.025305,220.0,55.88,93.14,315.32,1.67,42.91,44.98,14.03,4.0,Karachi
2026-04-17 19:06:25.025305,220.0,69.77,93.68,246.28,1.2,43.96,53.51,10.77,2.72,Karachi
2026-04-17 20:06:25.025305,84.3,17.88,27.2,275.51,2.49,13.33,11.18,7.79,8.1,Karachi
2026-04-17 21:06:25.025305,54.8,16.87,33.16,240.25,5.7,9.27,20.78,2.08,0.03,Karachi
2026-04-17 22:06:25.025305,65.5,14.58,20.6,339.07,0.68,6.07,14.5,5.75,0.18,Karachi
2026-04-17 23:06:25.025305,67.5,18.58,36.1,351.51,8.17,10.05,11.27,7.2,1.41,Karachi
2026-04-18 00:06:25.025305,72.7,22.0,33.96,285.92,3.5,15.06,14.2,5.28,2.58,Karachi
2026-04-18 01:06:25.025305,76.4,22.99,26.9,302.29,5.2,18.93,21.65,1.59,0.5,Karachi
2026-04-18 02:06:25.025305,50.8,16.34,35.54,213.08,2.44,4.72,7.67,1.21,0.41,Karachi
2026-04-18 03:06:25.025305,47.8,21.47,10.55,282.02,4.54,7.15,6.03,5.52,2.32,Karachi
2026-04-18 04:06:25.025305,94.2,28.63,46.9,296.99,0.05,16.34,19.39,5.31,0.09,Karachi
2026-04-18 05:06:25.025305,84.8,22.53,43.62,457.25,5.12,9.68,11.6,5.25,0.69,Karachi
2026-04-18 06:06:25.025305,73.8,25.48,25.62,233.28,0.12,15.64,27.15,5.94,1.06,Karachi
2026-04-18 07:06:25.025305,113.4,37.71,58.79,387.85,6.62,17.52,21.56,8.2,1.23,Karachi
2026-04-18 08:06:25.025305,96.7,20.95,38.63,359.81,14.47,16.63,26.27,6.36,1.96,Karachi
2026-04-18 09:06:25.025305,116.8,35.7,51.38,316.84,1.04,19.22,26.96,6.59,0.66,Karachi
2026-04-18 10:06:25.025305,103.3,32.44,45.48,405.52,0.71,15.44,16.83,5.57,1.42,Karachi
2026-04-18 11:06:25.025305,135.2,36.38,55.72,322.33,4.35,24.31,29.71,9.83,1.32,Karachi
2026-04-18 12:06:25.025305,131.3,43.65,61.65,323.35,0.88,22.78,33.6,8.99,1.19,Karachi
2026-04-18 13:06:25.025305,100.6,27.41,48.59,296.81,6.02,16.62,21.0,5.52,1.53,Karachi
2026-04-18 14:06:25.025305,116.9,33.36,35.11,373.41,0.33,18.13,32.88,9.18,0.45,Karachi
2026-04-18 15:06:25.025305,108.8,29.61,56.14,365.79,0.4,20.87,30.07,6.27,0.13,Karachi
2026-04-18 16:06:25.025305,115.5,32.43,35.22,262.46,11.61,27.41,30.93,5.23,0.19,Karachi
2026-04-18 17:06:25.025305,75.7,15.72,40.06,220.85,3.36,14.19,13.9,3.02,0.38,Karachi
2026-04-18 18:06:25.025305,95.3,19.48,49.04,287.82,5.63,21.14,14.48,3.76,1.04,Karachi
2026-04-18 19:06:25.025305,95.7,34.77,31.47,252.0,1.18,11.67,17.37,5.2,2.75,Karachi
2026-04-18 20:06:25.025305,48.6,9.38,17.13,296.19,3.39,9.38,11.87,5.38,1.81,Karachi
2026-04-18 21:06:25.025305,53.1,9.91,13.46,374.25,2.71,5.17,14.96,1.58,2.33,Karachi
2026-04-18 22:06:25.025305,37.1,-0.38,13.86,272.56,2.77,0.77,-4.87,2.6,0.65,Karachi
2026-04-18 23:06:25.025305,61.6,14.06,23.42,297.43,3.44,8.14,13.51,2.39,0.78,Karachi
2026-04-19 00:06:25.025305,75.8,14.6,38.06,303.48,2.57,18.4,17.62,4.03,0.75,Karachi
2026-04-19 01:06:25.025305,88.2,32.91,47.53,350.91,1.68,19.68,17.74,2.27,0.32,Karachi
2026-04-19 02:06:25.025305,68.8,24.31,40.06,165.19,0.97,13.35,22.88,3.69,0.09,Karachi
2026-04-19 03:06:25.025305,95.3,23.24,35.52,263.6,4.39,11.02,23.49,5.33,1.34,Karachi
2026-04-19 04:06:25.025305,54.3,26.47,21.13,312.68,0.77,8.99,19.81,4.34,6.79,Karachi
2026-04-19 05:06:25.025305,54.3,20.11,9.33,372.0,3.54,10.98,10.64,3.7,0.27,Karachi
2026-04-19 06:06:25.025305,84.2,21.94,28.9,270.49,0.8,15.85,24.14,2.65,0.07,Karachi
2026-04-19 07:06:25.025305,95.9,14.37,48.01,187.41,2.95,9.89,30.92,7.92,2.27,Karachi
2026-04-19 08:06:25.025305,94.5,37.92,52.62,337.18,4.12,13.45,28.66,6.09,0.44,Karachi
2026-04-19 09:06:25.025305,68.1,12.13,18.74,261.88,0.74,12.01,8.44,4.48,2.65,Karachi
2026-04-19 10:06:25.025305,101.0,20.05,37.67,228.62,0.19,20.32,20.69,6.04,1.83,Karachi
2026-04-19 11:06:25.025305,84.8,28.84,35.38,262.54,0.42,6.47,16.57,4.05,4.37,Karachi
2026-04-19 12:06:25.025305,115.0,44.41,50.56,288.93,2.79,20.06,28.25,7.34,0.79,Karachi
2026-04-19 13:06:25.025305,109.8,37.67,39.65,263.72,5.68,20.34,28.28,7.54,1.63,Karachi
2026-04-19 14:06:25.025305,88.2,27.52,40.45,167.67,0.14,19.28,14.38,1.8,0.94,Karachi
2026-04-19 15:06:25.025305,91.4,28.58,34.61,353.82,3.97,19.23,20.52,4.41,1.49,Karachi
2026-04-19 16:06:25.025305,79.1,26.42,33.11,376.49,1.25,16.57,5.29,4.24,0.9,Karachi
2026-04-19 17:06:25.025305,89.2,28.78,41.85,339.09,1.95,12.86,28.28,5.87,0.31,Karachi
2026-04-19 18:06:25.025305,99.3,29.22,41.77,231.74,7.93,10.25,18.78,8.35,1.06,Karachi
2026-04-19 19:06:25.025305,65.0,18.73,23.82,287.91,1.21,10.13,14.64,2.36,1.13,Karachi
2026-04-19 20:06:25.025305,82.6,22.8,33.8,299.61,1.88,18.87,16.31,3.96,2.5,Karachi
2026-04-19 21:06:25.025305,62.9,13.84,25.71,335.93,0.04,16.9,20.72,2.75,1.99,Karachi
2026-04-19 22:06:25.025305,55.8,14.22,20.47,340.1,0.26,12.88,-4.75,1.74,1.64,Karachi
2026-04-19 23:06:25.025305,64.1,9.48,24.84,255.95,0.9,13.25,14.0,3.15,0.18,Karachi
2026-04-20 00:06:25.025305,49.5,13.36,33.57,304.92,0.08,10.42,10.25,4.51,1.91,Karachi
2026-04-20 01:06:25.025305,57.4,11.12,28.59,327.44,2.99,8.1,9.9,1.33,1.04,Karachi
2026-04-20 02:06:25.025305,49.7,8.4,18.51,387.35,1.67,8.43,21.29,3.84,3.37,Karachi
2026-04-20 03:06:25.025305,100.3,28.99,47.71,342.27,2.38,24.74,16.75,2.62,3.79,Karachi
2026-04-20 04:06:25.025305,75.5,28.11,29.05,347.34,0.58,9.82,21.25,3.41,0.09,Karachi
2026-04-20 05:06:25.025305,69.3,24.0,38.5,305.03,1.05,18.94,17.39,3.5,2.58,Karachi
2026-04-20 06:06:25.025305,88.2,16.85,40.01,384.63,3.27,14.59,26.98,8.64,0.06,Karachi
2026-04-20 07:06:25.025305,88.5,19.83,36.31,324.59,10.08,21.23,15.46,4.76,0.69,Karachi
2026-04-20 08:06:25.025305,91.7,30.38,42.09,248.33,0.16,10.88,15.77,1.1,1.17,Karachi
2026-04-20 09:06:25.025305,108.4,25.43,32.94,384.2,6.63,21.85,30.41,2.5,0.24,Karachi
2026-04-20 10:06:25.025305,113.7,30.71,38.73,341.87,2.58,17.52,27.56,6.89,2.06,Karachi
2026-04-20 11:06:25.025305,96.4,29.73,30.92,273.42,2.49,11.68,11.93,7.01,0.01,Karachi
2026-04-20 12:06:25.025305,96.4,22.14,41.62,271.23,2.08,18.22,17.96,6.53,0.28,Karachi
2026-04-20 13:06:25.025305,100.2,28.58,55.94,317.79,0.22,22.07,24.36,6.35,1.3,Karachi
2026-04-20 14:06:25.025305,67.8,12.31,46.32,327.79,0.28,8.82,19.94,6.39,1.88,Karachi
2026-04-20 15:06:25.025305,76.4,18.39,37.2,311.84,2.76,7.76,12.74,3.51,3.73,Karachi
2026-04-20 16:06:25.025305,115.5,33.94,52.52,318.68,1.25,20.42,7.93,8.72,1.83,Karachi
2026-04-20 17:06:25.025305,114.9,24.19,33.83,402.0,7.48,20.32,28.41,3.63,1.67,Karachi
2026-04-20 18:06:25.025305,81.3,24.96,29.79,364.29,1.57,16.82,10.56,3.07,0.75,Karachi
2026-04-20 19:06:25.025305,88.5,24.67,30.86,311.44,0.46,19.72,7.36,1.69,0.0,Karachi
2026-04-20 20:06:25.025305,79.7,25.07,28.49,356.48,3.76,14.1,0.53,4.23,0.19,Karachi
2026-04-20 21:06:25.025305,117.0,33.89,47.81,238.05,1.04,28.49,30.63,6.93,1.15,Karachi
2026-04-20 22:06:25.025305,84.5,30.47,31.7,323.88,2.24,16.1,19.36,5.3,1.69,Karachi
2026-04-20 23:06:25.025305,63.8,18.48,10.95,408.56,3.59,10.09,12.67,3.95,0.81,Karachi
2026-04-21 00:06:25.025305,50.7,12.04,27.26,286.92,6.92,2.67,19.48,1.18,1.97,Karachi
2026-04-21 01:06:25.025305,41.6,12.26,8.88,249.14,4.71,6.43,12.97,2.11,1.11,Karachi
2026-04-21 02:06:25.025305,70.7,22.52,31.62,260.87,3.38,11.39,25.26,1.25,0.12,Karachi
2026-04-21 03:06:25.025305,59.5,16.91,41.59,234.62,3.41,14.55,4.74,6.3,0.32,Karachi
2026-04-21 04:06:25.025305,53.7,15.23,15.18,252.91,8.75,11.51,11.6,2.61,2.75,Karachi
2026-04-21 05:06:25.025305,70.1,16.13,9.21,277.77,1.05,7.91,5.73,3.23,1.94,Karachi
2026-04-21 06:06:25.025305,68.8,15.94,26.6,215.67,0.0,13.07,13.75,7.3,3.38,Karachi
2026-04-21 07:06:25.025305,115.5,25.32,57.31,300.94,0.95,23.47,23.91,4.44,0.19,Karachi
2026-04-21 08:06:25.025305,108.2,39.05,61.12,354.14,0.74,25.59,27.57,4.24,6.94,Karachi
2026-04-21 09:06:25.025305,99.0,21.51,31.75,245.53,3.25,21.37,22.06,3.75,0.35,Karachi
2026-04-21 10:06:25.025305,124.5,31.4,56.27,391.16,3.01,25.46,31.13,7.34,0.02,Karachi
2026-04-21 11:06:25.025305,105.5,25.94,40.58,330.65,2.7,19.23,27.43,7.19,8.94,Karachi
2026-04-21 12:06:25.025305,92.1,30.26,37.83,361.83,0.05,18.13,33.19,7.0,0.49,Karachi
2026-04-21 13:06:25.025305,127.2,34.13,74.56,260.53,3.91,27.89,26.08,12.77,1.65,Karachi
2026-04-21 14:06:25.025305,110.4,37.15,34.35,351.27,1.17,14.54,18.64,2.13,0.29,Karachi
2026-04-21 15:06:25.025305,83.6,20.04,37.13,234.48,3.28,13.65,19.86,6.23,1.3,Karachi
2026-04-21 16:06:25.025305,92.1,27.2,42.44,353.41,2.44,13.5,15.46,4.41,3.52,Karachi
2026-04-21 17:06:25.025305,77.0,17.4,41.04,310.31,1.26,15.38,25.84,3.45,0.58,Karachi
2026-04-21 18:06:25.025305,64.3,28.72,27.77,333.2,0.43,16.49,12.44,2.62,1.66,Karachi
2026-04-21 19:06:25.025305,93.7,20.3,41.83,229.46,0.3,14.48,17.22,3.81,0.31,Karachi
2026-04-21 20:06:25.025305,103.6,30.57,40.4,246.3,5.34,9.09,19.97,9.59,1.47,Karachi
2026-04-21 21:06:25.025305,49.9,17.14,23.1,335.83,7.52,7.33,15.28,4.68,0.62,Karachi
2026-04-21 22:06:25.025305,76.1,23.38,29.23,243.1,3.15,17.36,15.8,4.61,0.36,Karachi
2026-04-21 23:06:25.025305,55.9,14.73,28.46,327.79,0.33,12.22,8.45,6.06,0.56,Karachi
2026-04-22 00:06:25.025305,57.7,15.5,21.27,217.97,1.54,12.1,22.68,0.44,0.3,Karachi
2026-04-22 01:06:25.025305,56.8,16.12,26.87,350.89,3.92,9.1,7.36,0.75,3.48,Karachi
2026-04-22 02:06:25.025305,54.7,14.59,22.75,226.05,4.54,4.73,12.25,-1.07,0.76,Karachi
2026-04-22 03:06:25.025305,71.6,24.86,39.07,333.14,0.38,14.95,19.66,2.9,0.42,Karachi
2026-04-22 04:06:25.025305,62.5,28.56,25.85,337.54,0.0,7.92,3.97,4.08,0.89,Karachi
2026-04-22 05:06:25.025305,83.9,20.7,21.05,258.19,3.74,23.83,21.34,5.24,0.58,Karachi
2026-04-22 06:06:25.025305,84.2,16.74,45.48,334.92,1.32,17.45,12.2,5.35,2.05,Karachi
2026-04-22 07:06:25.025305,86.6,23.8,29.12,315.63,0.88,13.26,23.99,2.37,5.32,Karachi
2026-04-22 08:06:25.025305,81.4,35.69,28.95,267.67,0.04,12.2,12.13,6.49,0.86,Karachi
2026-04-22 09:06:25.025305,90.5,21.32,33.24,239.49,2.33,15.92,24.06,5.91,2.96,Karachi
2026-04-22 10:06:25.025305,113.7,40.02,58.73,182.24,5.71,19.5,31.64,8.29,1.25,Karachi
2026-04-22 11:06:25.025305,111.8,39.7,29.88,320.98,9.48,24.6,29.77,2.92,0.26,Karachi
2026-04-22 12:06:25.025305,90.3,22.53,63.04,206.11,2.5,17.01,21.38,6.04,1.76,Karachi
2026-04-22 13:06:25.025305,105.8,32.47,52.89,305.72,2.17,16.12,21.89,3.97,1.08,Karachi
2026-04-22 14:06:25.025305,113.6,39.95,49.49,284.19,0.27,28.01,21.53,6.02,1.58,Karachi
2026-04-22 15:06:25.025305,74.1,18.85,30.68,340.75,2.39,13.54,25.13,5.51,3.31,Karachi
2026-04-22 16:06:25.025305,103.2,27.86,45.61,281.88,1.43,21.64,18.5,6.37,0.87,Karachi
2026-04-22 17:06:25.025305,80.2,19.56,37.87,280.23,2.8,12.01,11.43,3.11,3.47,Karachi
2026-04-22 18:06:25.025305,93.6,21.12,44.46,343.91,1.48,18.29,24.58,5.63,2.08,Karachi
2026-04-22 19:06:25.025305,68.4,15.9,33.16,320.1,0.82,13.55,10.27,1.04,1.01,Karachi
2026-04-22 20:06:25.025305,47.9,7.3,20.85,318.97,0.3,1.07,4.84,5.18,1.39,Karachi
2026-04-22 21:06:25.025305,46.4,13.17,17.93,328.16,1.13,16.42,1.56,2.38,0.59,Karachi
2026-04-22 22:06:25.025305,68.4,15.3,27.52,207.87,0.3,17.47,12.15,6.34,6.17,Karachi
2026-04-22 23:06:25.025305,69.6,20.65,27.66,345.41,0.58,10.94,14.81,3.12,1.65,Karachi
2026-04-23 00:06:25.025305,51.4,6.62,30.67,336.75,13.11,4.85,12.77,2.04,0.07,Karachi
2026-04-23 01:06:25.025305,75.3,22.73,36.36,239.0,1.76,14.94,22.27,2.99,0.59,Karachi
2026-04-23 02:06:25.025305,42.8,16.14,-5.57,285.36,2.28,8.04,12.57,4.32,1.46,Karachi
2026-04-23 03:06:25.025305,69.9,9.59,34.59,297.64,6.21,14.0,14.23,2.77,0.09,Karachi
2026-04-23 04:06:25.025305,56.8,17.78,25.43,291.93,16.26,11.0,11.31,4.7,0.04,Karachi
2026-04-23 05:06:25.025305,70.0,25.75,29.27,320.03,2.62,14.63,18.47,3.44,0.9,Karachi
2026-04-23 06:06:25.025305,85.7,17.95,32.89,385.88,5.02,21.22,26.49,1.19,0.61,Karachi
2026-04-23 07:06:25.025305,77.3,30.0,41.45,364.91,1.19,16.18,17.76,3.5,0.87,Karachi
2026-04-23 08:06:25.025305,89.2,27.08,45.06,221.27,1.09,11.86,16.82,3.0,0.46,Karachi
2026-04-23 09:06:25.025305,114.2,28.46,41.8,337.32,1.55,26.01,19.17,6.92,0.27,Karachi
2026-04-23 10:06:25.025305,93.7,25.95,42.6,379.74,3.35,23.42,11.94,3.24,1.75,Karachi
2026-04-23 11:06:25.025305,116.9,35.51,41.31,323.21,3.44,33.64,29.71,8.86,1.08,Karachi
2026-04-23 12:06:25.025305,88.1,25.04,25.95,365.46,1.14,11.36,22.84,5.1,0.34,Karachi
2026-04-23 13:06:25.025305,112.3,34.13,42.14,420.74,0.43,21.18,28.16,6.38,0.58,Karachi
2026-04-23 14:06:25.025305,123.9,30.1,58.96,361.42,3.0,13.98,26.5,8.75,1.34,Karachi
2026-04-23 15:06:25.025305,62.1,18.23,33.69,314.96,0.41,13.38,22.1,5.65,0.11,Karachi
2026-04-23 16:06:25.025305,83.0,16.18,38.98,362.71,2.59,12.76,15.37,4.94,0.24,Karachi
2026-04-23 17:06:25.025305,98.8,27.12,47.31,308.69,3.55,25.48,27.47,4.39,0.11,Karachi
2026-04-23 18:06:25.025305,82.0,18.43,38.55,301.43,3.62,11.65,17.8,1.37,2.51,Karachi
2026-04-23 19:06:25.025305,85.4,20.23,30.73,278.92,4.2,8.61,15.14,3.75,2.09,Karachi
2026-04-23 20:06:25.025305,65.9,24.64,31.15,393.8,6.19,9.98,18.06,2.72,2.1,Karachi
2026-04-23 21:06:25.025305,72.2,25.66,36.71,250.89,2.08,5.09,18.33,4.54,1.89,Karachi
2026-04-23 22:06:25.025305,65.3,21.34,33.48,391.94,3.93,14.77,16.52,3.23,1.66,Karachi
2026-04-23 23:06:25.025305,83.2,17.83,44.45,329.99,2.9,6.72,18.79,6.37,0.97,Karachi
2026-04-24 00:06:25.025305,68.8,17.69,34.57,216.04,0.62,12.5,14.91,2.9,1.54,Karachi
2026-04-24 01:06:25.025305,70.7,25.87,32.52,322.06,0.08,4.42,29.89,4.13,0.06,Karachi
2026-04-24 02:06:25.025305,61.5,17.93,34.39,174.0,1.0,9.79,20.64,6.06,1.46,Karachi
2026-04-24 03:06:25.025305,63.5,29.39,26.48,337.53,1.76,18.01,18.32,4.5,2.26,Karachi
2026-04-24 04:06:25.025305,68.5,21.15,21.72,353.11,2.88,13.77,15.74,3.99,1.04,Karachi
2026-04-24 05:06:25.025305,85.7,24.97,34.71,264.46,5.69,11.98,24.91,3.94,0.66,Karachi
2026-04-24 06:06:25.025305,78.7,20.49,27.09,307.41,0.66,14.04,20.42,3.45,0.49,Karachi
2026-04-24 07:06:25.025305,94.5,27.13,34.3,417.25,0.4,17.09,20.95,3.97,1.54,Karachi
2026-04-24 08:06:25.025305,126.1,34.55,51.82,269.66,9.93,24.59,25.93,6.49,1.77,Karachi
2026-04-24 09:06:25.025305,112.2,34.96,40.79,236.47,0.34,14.73,24.2,8.24,3.07,Karachi
2026-04-24 10:06:25.025305,97.4,32.06,38.46,388.9,1.95,19.91,2.41,5.4,0.63,Karachi
2026-04-24 11:06:25.025305,122.3,30.32,36.23,417.76,2.64,11.2,28.18,4.64,2.2,Karachi
2026-04-24 12:06:25.025305,98.9,21.03,43.24,300.22,2.34,15.28,18.82,9.47,1.24,Karachi
2026-04-24 13:06:25.025305,73.7,11.47,30.98,360.69,0.27,11.32,25.78,5.06,3.22,Karachi
2026-04-24 14:06:25.025305,87.2,26.96,30.09,380.49,0.18,18.23,19.3,2.42,1.13,Karachi
2026-04-24 15:06:25.025305,71.1,14.39,35.13,255.45,0.33,12.88,8.5,3.38,1.09,Karachi
2026-04-24 16:06:25.025305,89.7,14.36,45.19,270.88,2.64,10.53,19.44,5.61,1.29,Karachi
2026-04-24 17:06:25.025305,90.5,27.27,25.13,373.85,2.36,12.34,13.62,8.84,2.08,Karachi
2026-04-24 18:06:25.025305,110.1,43.31,40.16,401.1,0.8,20.62,27.07,4.39,5.02,Karachi
2026-04-24 19:06:25.025305,84.7,23.69,29.43,333.77,3.05,14.93,20.39,7.04,0.11,Karachi
2026-04-24 20:06:25.025305,71.7,24.27,22.6,247.21,5.15,10.59,21.52,7.1,0.08,Karachi
2026-04-24 21:06:25.025305,83.3,23.73,41.62,419.22,0.13,13.07,13.58,3.74,4.16,Karachi
2026-04-24 22:06:25.025305,34.5,9.17,12.94,268.14,2.07,9.0,7.8,1.52,1.13,Karachi
2026-04-24 23:06:25.025305,69.2,23.98,26.95,279.89,3.51,10.39,7.04,2.08,1.43,Karachi
2026-04-25 00:06:25.025305,76.6,19.99,16.13,320.54,0.87,13.43,21.05,4.19,0.99,Karachi
2026-04-25 01:06:25.025305,43.5,13.52,23.35,393.25,1.1,16.51,12.68,2.54,0.15,Karachi
2026-04-25 02:06:25.025305,84.8,25.36,25.72,351.24,2.85,9.58,21.64,6.41,2.19,Karachi
2026-04-25 03:06:25.025305,75.9,17.92,32.37,324.89,6.85,6.26,16.72,6.74,2.06,Karachi
2026-04-25 04:06:25.025305,68.8,24.22,31.1,327.8,4.98,15.51,17.62,2.63,0.56,Karachi
2026-04-25 05:06:25.025305,89.3,24.13,48.4,302.61,2.62,13.36,29.28,1.42,0.55,Karachi
2026-04-25 06:06:25.025305,119.1,29.56,39.53,333.49,3.93,20.16,24.48,7.1,2.73,Karachi
2026-04-25 07:06:25.025305,92.9,28.7,14.86,148.23,1.36,13.6,21.27,6.16,0.11,Karachi
2026-04-25 08:06:25.025305,98.7,23.15,42.93,282.2,3.07,16.73,15.2,6.42,3.19,Karachi
2026-04-25 09:06:25.025305,92.3,25.97,53.15,314.48,1.88,23.0,15.09,4.88,0.44,Karachi
2026-04-25 10:06:25.025305,89.6,25.03,47.53,230.94,0.63,19.33,20.29,5.62,1.35,Karachi
2026-04-25 11:06:25.025305,116.8,38.13,50.72,323.18,3.63,24.47,32.31,10.04,4.12,Karachi
2026-04-25 12:06:25.025305,92.2,28.18,34.77,287.73,2.44,10.92,18.74,6.29,1.7,Karachi
2026-04-25 13:06:25.025305,105.4,29.38,50.72,405.33,1.33,14.37,21.77,5.58,0.8,Karachi
2026-04-25 14:06:25.025305,95.2,30.73,32.18,394.38,7.27,5.77,18.49,4.71,1.75,Karachi
2026-04-25 15:06:25.025305,106.3,36.72,48.47,272.05,0.06,15.9,20.18,6.04,0.63,Karachi
2026-04-25 16:06:25.025305,100.0,30.79,46.05,290.95,1.14,21.83,23.77,9.27,0.49,Karachi
2026-04-25 17:06:25.025305,105.7,29.66,52.89,295.56,0.18,21.1,14.28,5.98,8.56,Karachi
2026-04-25 18:06:25.025305,77.3,15.1,54.56,272.9,4.36,13.04,24.7,4.6,2.08,Karachi
2026-04-25 19:06:25.025305,75.8,15.89,34.97,311.7,3.63,13.55,12.68,3.58,1.55,Karachi
2026-04-25 20:06:25.025305,60.3,15.36,21.26,254.5,1.21,8.1,17.6,5.82,0.66,Karachi
2026-04-25 21:06:25.025305,64.2,14.93,26.76,232.16,3.38,12.37,6.5,7.77,0.08,Karachi
2026-04-25 22:06:25.025305,73.3,19.6,16.65,337.36,1.51,16.26,20.15,5.3,0.05,Karachi
2026-04-25 23:06:25.025305,77.0,21.85,26.8,337.77,4.23,7.4,20.98,4.79,1.21,Karachi
2026-04-26 00:06:25.025305,51.2,16.98,18.22,251.74,1.82,10.41,13.56,3.14,2.15,Karachi
2026-04-26 01:06:25.025305,78.7,21.69,28.87,353.72,1.59,17.9,11.35,-0.05,1.16,Karachi
2026-04-26 02:06:25.025305,88.0,27.08,38.18,262.11,8.19,14.18,20.86,6.77,2.76,Karachi
2026-04-26 03:06:25.025305,77.1,21.9,25.79,315.19,0.87,16.67,9.85,4.89,0.05,Karachi
2026-04-26 04:06:25.025305,103.2,19.01,52.29,349.22,0.39,29.83,21.18,7.05,0.69,Karachi
2026-04-26 05:06:25.025305,68.2,14.4,28.65,297.98,2.64,11.86,21.18,2.67,0.41,Karachi
2026-04-26 06:06:25.025305,66.3,17.85,27.78,327.28,10.45,13.51,19.37,3.21,0.89,Karachi
2026-04-26 07:06:25.025305,63.5,11.73,24.04,269.01,1.42,8.48,14.06,2.99,0.11,Karachi
2026-04-26 08:06:25.025305,117.4,35.88,50.57,288.21,0.19,21.86,19.99,9.09,4.62,Karachi
2026-04-26 09:06:25.025305,109.0,38.16,52.36,287.65,1.24,21.45,27.84,5.78,0.38,Karachi
2026-04-26 10:06:25.025305,101.5,34.51,35.69,255.21,2.12,19.05,22.44,10.25,3.83,Karachi
2026-04-26 11:06:25.025305,108.5,29.32,40.31,289.39,0.53,15.45,9.95,7.37,0.83,Karachi
2026-04-26 12:06:25.025305,88.1,32.13,34.58,207.08,3.22,16.69,24.08,2.74,6.35,Karachi
2026-04-26 13:06:25.025305,141.0,40.22,48.46,270.53,18.29,31.23,30.88,8.2,1.21,Karachi
2026-04-26 14:06:25.025305,104.3,27.51,37.23,282.91,1.8,20.56,30.15,4.95,4.01,Karachi
2026-04-26 15:06:25.025305,100.8,25.15,38.52,284.63,1.31,21.99,15.6,1.66,0.01,Karachi
2026-04-26 16:06:25.025305,105.9,28.14,51.47,285.51,1.54,18.11,4.23,9.55,2.07,Karachi
2026-04-26 17:06:25.025305,97.4,25.33,43.0,296.29,0.37,20.53,23.1,7.25,3.5,Karachi
2026-04-26 18:06:25.025305,88.4,25.59,38.66,328.77,6.44,17.02,21.19,6.37,0.23,Karachi
2026-04-26 19:06:25.025305,68.0,19.83,35.35,352.47,1.61,8.43,4.81,4.41,0.15,Karachi
2026-04-26 20:06:25.025305,82.1,23.0,33.37,261.01,1.47,16.05,12.18,2.16,0.83,Karachi
2026-04-26 21:06:25.025305,99.1,29.93,44.74,227.81,3.23,13.87,38.33,4.98,4.07,Karachi
2026-04-26 22:06:25.025305,87.9,30.55,36.08,237.48,1.75,13.28,17.5,6.96,1.17,Karachi
2026-04-26 23:06:25.025305,89.6,29.83,39.75,270.77,3.13,16.88,24.09,3.27,1.12,Karachi
2026-04-27 00:06:25.025305,57.3,8.63,19.42,278.88,0.19,11.51,8.71,-1.62,0.23,Karachi
2026-04-27 01:06:25.025305,50.8,1.46,1.84,253.8,5.04,4.39,-1.36,2.6,0.0,Karachi
2026-04-27 02:06:25.025305,65.8,23.09,26.56,222.23,8.47,16.06,13.45,3.66,2.49,Karachi
2026-04-27 03:06:25.025305,71.7,13.24,41.49,272.63,3.14,15.19,14.18,4.57,0.14,Karachi
2026-04-27 04:06:25.025305,91.4,24.47,45.8,310.89,9.27,13.64,17.71,6.94,1.51,Karachi
2026-04-27 05:06:25.025305,54.4,9.39,30.59,335.7,0.49,3.65,11.29,4.54,3.69,Karachi
2026-04-27 06:06:25.025305,107.9,21.21,55.23,266.55,1.95,18.85,25.33,6.99,0.35,Karachi
2026-04-27 07:06:25.025305,87.8,27.29,37.59,275.22,2.76,14.02,18.42,7.66,1.64,Karachi
2026-04-27 08:06:25.025305,88.6,28.6,38.79,244.4,2.61,16.4,11.91,2.28,0.12,Karachi
2026-04-27 09:06:25.025305,84.0,20.63,30.32,298.11,1.54,13.66,21.39,6.05,1.39,Karachi
2026-04-27 10:06:25.025305,77.5,8.74,30.02,249.09,1.24,5.92,5.35,5.9,0.27,Karachi
2026-04-27 11:06:25.025305,116.7,29.94,53.93,334.39,0.41,19.45,13.36,4.52,2.0,Karachi
2026-04-27 12:06:25.025305,106.1,31.67,54.19,192.85,1.49,17.88,27.78,3.36,0.54,Karachi
2026-04-27 13:06:25.025305,85.0,16.4,34.57,278.42,0.53,17.83,21.74,3.61,0.93,Karachi
2026-04-27 14:06:25.025305,82.9,24.13,31.21,318.07,3.98,12.13,17.89,3.65,1.37,Karachi
2026-04-27 15:06:25.025305,94.1,26.27,39.53,311.03,0.7,23.65,12.33,7.15,0.28,Karachi
2026-04-27 16:06:25.025305,120.0,36.51,55.22,461.58,0.18,13.96,22.16,5.97,2.03,Karachi
2026-04-27 17:06:25.025305,86.3,24.76,24.69,320.99,2.41,20.78,17.41,3.46,0.54,Karachi
2026-04-27 18:06:25.025305,62.5,12.62,7.86,239.76,2.71,10.34,4.16,2.52,1.63,Karachi
2026-04-27 19:06:25.025305,76.1,27.3,27.57,294.27,6.17,17.14,12.32,6.81,0.26,Karachi
2026-04-27 20:06:25.025305,70.9,19.06,20.02,193.43,2.58,13.08,19.51,4.28,1.75,Karachi
2026-04-27 21:06:25.025305,30.4,8.38,8.7,295.16,1.27,10.03,15.25,1.47,0.21,Karachi
2026-04-27 22:06:25.025305,66.9,14.06,26.9,250.02,4.87,10.49,12.19,3.79,0.83,Karachi
2026-04-27 23:06:25.025305,62.2,15.2,22.51,354.92,2.33,6.8,18.23,6.32,0.43,Karachi
2026-04-28 00:06:25.025305,75.4,16.7,43.31,267.03,0.25,19.26,5.11,3.03,2.07,Karachi
2026-04-28 01:06:25.025305,93.4,25.29,41.85,292.99,2.5,16.36,24.51,8.24,0.46,Karachi
2026-04-28 02:06:25.025305,84.6,32.24,37.93,261.87,7.16,16.11,13.78,5.5,3.2,Karachi
2026-04-28 03:06:25.025305,66.8,11.85,33.04,404.33,1.51,16.97,16.55,3.69,3.34,Karachi
2026-04-28 04:06:25.025305,58.4,8.28,15.42,280.73,1.05,6.38,11.36,8.51,0.33,Karachi
2026-04-28 05:06:25.025305,118.4,40.51,58.05,409.95,0.46,23.7,33.98,4.99,1.43,Karachi
2026-04-28 06:06:25.025305,85.9,23.0,35.47,348.85,0.49,13.1,13.65,4.45,0.14,Karachi
2026-04-28 07:06:25.025305,90.4,21.96,43.33,328.92,1.7,15.74,23.65,2.96,0.75,Karachi
2026-04-28 08:06:25.025305,94.6,31.7,31.17,322.12,2.72,17.32,19.14,7.58,1.87,Karachi
2026-04-28 09:06:25.025305,102.1,25.56,30.46,323.63,0.25,12.38,21.52,9.51,1.62,Karachi
2026-04-28 10:06:25.025305,100.2,37.17,48.61,184.34,8.42,14.91,20.93,9.35,1.47,Karachi
2026-04-28 11:06:25.025305,95.7,30.19,43.21,283.27,4.22,22.63,15.98,8.19,0.5,Karachi
2026-04-28 12:06:25.025305,96.8,24.66,33.44,350.71,2.65,20.97,21.21,5.41,0.71,Karachi
2026-04-28 13:06:25.025305,103.8,39.86,36.65,297.07,5.29,18.44,22.47,5.5,0.16,Karachi
2026-04-28 14:06:25.025305,94.2,23.34,48.55,215.69,0.25,17.92,22.16,2.31,1.9,Karachi
2026-04-28 15:06:25.025305,88.4,28.48,27.63,296.86,1.94,14.74,19.97,9.38,1.05,Karachi
2026-04-28 16:06:25.025305,96.6,28.54,53.71,402.25,2.98,22.81,26.04,6.73,1.85,Karachi
2026-04-28 17:06:25.025305,86.4,30.69,29.06,374.81,5.29,14.74,24.54,4.2,0.43,Karachi
2026-04-28 18:06:25.025305,107.6,37.92,50.28,296.28,4.59,20.29,17.36,9.11,0.59,Karachi
2026-04-28 19:06:25.025305,40.1,11.38,14.2,357.09,0.97,11.79,14.03,0.46,0.61,Karachi
2026-04-28 20:06:25.025305,91.4,21.82,43.2,278.01,8.48,13.34,12.98,6.3,0.04,Karachi
2026-04-28 21:06:25.025305,89.5,27.37,33.26,197.77,0.4,22.35,23.23,5.03,0.63,Karachi
2026-04-28 22:06:25.025305,36.6,6.85,14.06,244.53,6.24,0.46,11.77,3.47,2.44,Karachi
2026-04-28 23:06:25.025305,60.5,27.02,25.75,393.77,10.62,17.42,1.85,3.51,3.41,Karachi
2026-04-29 00:06:25.025305,59.4,17.32,16.94,283.56,0.58,9.21,13.63,0.66,1.1,Karachi
2026-04-29 01:06:25.025305,44.6,10.65,24.65,285.4,3.84,7.05,6.99,2.83,0.91,Karachi
2026-04-29 02:06:25.025305,56.0,16.61,19.42,282.01,0.12,2.52,7.77,5.46,0.05,Karachi
2026-04-29 03:06:25.025305,54.2,8.44,20.93,414.25,1.56,7.94,20.03,3.19,3.17,Karachi
2026-04-29 04:06:25.025305,101.3,23.5,34.58,397.56,2.18,14.07,18.36,7.63,0.02,Karachi
2026-04-29 05:06:25.025305,93.9,32.28,18.92,433.13,2.61,14.46,15.81,3.54,4.34,Karachi
2026-04-29 06:06:25.025305,104.1,25.86,42.18,290.46,8.24,18.18,23.35,6.19,1.01,Karachi
2026-04-29 07:06:25.025305,101.0,23.05,61.72,317.74,3.35,22.01,26.33,4.81,0.63,Karachi
2026-04-29 08:06:25.025305,78.1,24.54,39.06,209.0,1.97,14.88,16.32,6.18,3.87,Karachi
2026-04-29 09:06:25.025305,91.3,31.49,38.18,388.62,4.98,17.66,27.08,5.54,0.04,Karachi
2026-04-29 10:06:25.025305,109.7,34.3,43.95,229.93,9.02,15.36,27.31,7.96,1.31,Karachi
2026-04-29 11:06:25.025305,86.0,29.06,36.29,313.01,0.07,11.95,5.85,7.33,1.19,Karachi
2026-04-29 12:06:25.025305,115.7,28.61,52.97,234.16,12.14,28.02,22.28,8.32,0.37,Karachi
2026-04-29 13:06:25.025305,100.7,21.09,32.85,264.67,0.27,15.19,18.79,6.59,0.84,Karachi
2026-04-29 14:06:25.025305,96.7,34.58,49.53,249.76,5.05,24.03,24.15,3.81,1.58,Karachi
2026-04-29 15:06:25.025305,109.8,29.13,51.84,263.53,0.99,18.79,8.41,6.58,1.95,Karachi
2026-04-29 16:06:25.025305,101.7,27.21,48.44,267.65,0.43,18.31,37.66,5.03,0.0,Karachi
2026-04-29 17:06:25.025305,84.8,30.37,39.11,267.1,1.74,19.54,21.83,4.4,4.14,Karachi
2026-04-29 18:06:25.025305,102.4,31.45,43.16,350.0,3.1,23.52,23.42,5.39,0.27,Karachi
2026-04-29 19:06:25.025305,63.6,20.09,32.1,233.71,1.44,11.01,21.08,1.86,0.4,Karachi
2026-04-29 20:06:25.025305,84.2,34.41,40.11,313.23,0.17,13.61,32.59,1.14,0.46,Karachi
2026-04-29 21:06:25.025305,79.8,19.11,30.66,373.08,2.74,14.13,22.77,3.45,0.06,Karachi
2026-04-29 22:06:25.025305,63.0,22.29,21.89,269.21,6.98,12.7,19.56,4.17,0.2,Karachi
2026-04-29 23:06:25.025305,70.6,20.05,30.46,256.92,1.45,16.27,16.31,1.54,6.44,Karachi
2026-04-30 00:06:25.025305,46.2,14.29,31.81,286.17,0.73,8.34,9.32,2.81,0.57,Karachi
2026-04-30 01:06:25.025305,79.5,29.91,23.49,370.78,1.75,16.79,14.64,8.57,0.18,Karachi
2026-04-30 02:06:25.025305,64.9,20.71,15.52,311.65,0.15,18.24,9.32,5.94,0.17,Karachi
2026-04-30 03:06:25.025305,63.0,20.34,27.79,268.13,5.15,12.87,9.74,7.07,1.91,Karachi
2026-04-30 04:06:25.025305,90.7,30.77,38.52,329.03,5.25,17.58,11.86,6.23,2.89,Karachi
2026-04-30 05:06:25.025305,69.3,17.57,30.48,233.86,2.66,6.39,14.78,6.49,0.45,Karachi
2026-04-30 06:06:25.025305,63.9,13.69,28.78,340.88,1.31,0.97,3.94,2.38,0.03,Karachi
2026-04-30 07:06:25.025305,66.8,13.49,26.28,324.52,4.83,13.58,15.85,2.72,0.38,Karachi
2026-04-30 08:06:25.025305,104.1,19.31,55.64,281.53,2.43,18.36,22.68,0.77,0.09,Karachi
2026-04-30 09:06:25.025305,79.9,32.66,20.77,249.68,5.24,12.33,18.47,7.17,0.16,Karachi
2026-04-30 10:06:25.025305,128.6,30.5,47.4,246.8,2.99,24.13,25.17,10.8,0.85,Karachi
2026-04-30 11:06:25.025305,73.1,19.36,29.87,332.09,4.6,12.91,34.54,3.28,0.39,Karachi
2026-04-30 12:06:25.025305,130.4,35.14,41.64,373.74,2.74,27.99,36.86,7.32,1.09,Karachi
2026-04-30 13:06:25.025305,107.5,31.63,43.74,261.76,1.6,19.69,16.18,4.94,0.44,Karachi
2026-04-30 14:06:25.025305,100.9,32.32,55.66,327.5,9.51,15.17,23.59,6.82,4.23,Karachi
2026-04-30 15:06:25.025305,91.0,29.77,38.37,174.78,2.34,20.33,16.36,7.71,3.55,Karachi
2026-04-30 16:06:25.025305,101.0,25.36,44.26,264.92,2.79,17.31,16.13,2.57,1.25,Karachi
2026-04-30 17:06:25.025305,89.6,24.26,27.56,298.14,0.75,18.24,11.67,6.2,0.66,Karachi
2026-04-30 18:06:25.025305,101.5,29.85,37.72,245.42,2.95,16.37,24.93,5.54,0.72,Karachi
2026-04-30 19:06:25.025305,81.5,21.59,31.24,243.81,2.54,12.08,13.85,5.12,0.8,Karachi
2026-04-30 20:06:25.025305,77.3,29.67,29.91,259.93,0.61,14.24,22.8,5.55,1.95,Karachi
2026-04-30 21:06:25.025305,65.4,20.77,37.72,317.53,0.18,11.82,20.35,3.55,0.9,Karachi
2026-04-30 22:06:25.025305,66.8,22.39,32.53,288.76,2.78,13.95,22.95,3.8,2.91,Karachi
